{
	"song": {
		"player1": "bf",
		"player2": "huggy",
		"notes": [
			{
				"lengthInSteps": 16,
				"sectionNotes": [],
				"mustHitSection": false
			},
			{
				"lengthInSteps": 16,
				"sectionNotes": [],
				"mustHitSection": true
			},
			{
				"lengthInSteps": 16,
				"sectionNotes": [],
				"mustHitSection": false
			},
			{
				"lengthInSteps": 16,
				"sectionNotes": [],
				"mustHitSection": true
			},
			{
				"lengthInSteps": 16,
				"sectionNotes": [],
				"mustHitSection": false
			},
			{
				"lengthInSteps": 16,
				"sectionNotes": [],
				"mustHitSection": true
			},
			{
				"lengthInSteps": 16,
				"sectionNotes": [],
				"mustHitSection": false
			},
			{
				"lengthInSteps": 16,
				"sectionNotes": [],
				"mustHitSection": true
			},
			{
				"lengthInSteps": 16,
				"sectionNotes": [
					[
						17454.5454545455,
						2,
						0
					],
					[
						17727.2727272727,
						3,
						0
					],
					[
						18000,
						1,
						0
					],
					[
						18272.7272727273,
						0,
						0
					],
					[
						18545.4545454545,
						2,
						0
					],
					[
						18818.1818181818,
						1,
						0
					],
					[
						19090.9090909091,
						3,
						0
					],
					[
						19363.6363636364,
						1,
						0
					]
				],
				"mustHitSection": false
			},
			{
				"lengthInSteps": 16,
				"sectionNotes": [
					[
						19909.0909090909,
						2,
						0
					],
					[
						20181.8181818182,
						3,
						0
					],
					[
						20454.5454545455,
						1,
						0
					],
					[
						20727.2727272727,
						3,
						0
					],
					[
						21000,
						0,
						0
					],
					[
						21272.7272727273,
						2,
						0
					],
					[
						21545.4545454545,
						3,
						0
					]
				],
				"mustHitSection": false
			},
			{
				"lengthInSteps": 16,
				"sectionNotes": [
					[
						21818.1818181818,
						2,
						0
					],
					[
						22090.9090909091,
						3,
						0
					],
					[
						22363.6363636364,
						1,
						0
					],
					[
						22636.3636363636,
						0,
						0
					],
					[
						22909.0909090909,
						2,
						0
					],
					[
						23181.8181818182,
						1,
						0
					],
					[
						23454.5454545455,
						3,
						0
					],
					[
						23727.2727272727,
						1,
						0
					]
				],
				"mustHitSection": false
			},
			{
				"lengthInSteps": 16,
				"sectionNotes": [
					[
						24000,
						2,
						0
					],
					[
						24409.0909090909,
						1,
						0
					],
					[
						24818.1818181818,
						3,
						0
					],
					[
						25227.2727272727,
						0,
						0
					],
					[
						25636.3636363636,
						2,
						0
					],
					[
						25909.0909090909,
						3,
						0
					]
				],
				"mustHitSection": false
			},
			{
				"lengthInSteps": 16,
				"sectionNotes": [
					[
						26181.8181818182,
						2,
						0
					],
					[
						26454.5454545455,
						3,
						0
					],
					[
						26727.2727272727,
						1,
						0
					],
					[
						27000,
						0,
						0
					],
					[
						27272.7272727273,
						2,
						0
					],
					[
						27545.4545454545,
						1,
						0
					],
					[
						27818.1818181818,
						3,
						0
					],
					[
						28090.9090909091,
						1,
						0
					]
				],
				"mustHitSection": true
			},
			{
				"lengthInSteps": 16,
				"sectionNotes": [
					[
						28636.3636363636,
						2,
						0
					],
					[
						28909.0909090909,
						3,
						0
					],
					[
						29181.8181818182,
						1,
						0
					],
					[
						29454.5454545455,
						3,
						0
					],
					[
						29727.2727272727,
						0,
						0
					],
					[
						30000,
						2,
						0
					],
					[
						30272.7272727273,
						3,
						0
					]
				],
				"mustHitSection": true
			},
			{
				"lengthInSteps": 16,
				"sectionNotes": [
					[
						30545.4545454545,
						2,
						0
					],
					[
						30818.1818181818,
						3,
						0
					],
					[
						31090.9090909091,
						1,
						0
					],
					[
						31363.6363636364,
						0,
						0
					],
					[
						31636.3636363636,
						2,
						0
					],
					[
						31909.0909090909,
						1,
						0
					],
					[
						32181.8181818182,
						3,
						0
					],
					[
						32454.5454545455,
						1,
						0
					]
				],
				"mustHitSection": true
			},
			{
				"lengthInSteps": 16,
				"sectionNotes": [
					[
						32727.2727272727,
						2,
						0
					],
					[
						33136.3636363636,
						1,
						0
					],
					[
						33545.4545454546,
						3,
						0
					],
					[
						33954.5454545455,
						0,
						0
					],
					[
						34363.6363636364,
						2,
						0
					],
					[
						34636.3636363636,
						3,
						0
					]
				],
				"mustHitSection": true
			},
			{
				"lengthInSteps": 16,
				"sectionNotes": [
					[
						34909.0909090909,
						3,
						0
					],
					[
						35181.8181818182,
						1,
						0
					],
					[
						35318.1818181818,
						0,
						0
					],
					[
						35454.5454545455,
						3,
						0
					],
					[
						35727.2727272727,
						1,
						0
					],
					[
						35863.6363636364,
						0,
						0
					],
					[
						36000,
						3,
						0
					],
					[
						36272.7272727273,
						3,
						0
					],
					[
						36545.4545454546,
						2,
						0
					],
					[
						36818.1818181818,
						1,
						0
					]
				],
				"mustHitSection": false
			},
			{
				"lengthInSteps": 16,
				"sectionNotes": [
					[
						37363.6363636364,
						2,
						0
					],
					[
						37636.3636363637,
						3,
						0
					],
					[
						37909.0909090909,
						1,
						0
					],
					[
						38181.8181818182,
						2,
						0
					],
					[
						38454.5454545455,
						2,
						0
					],
					[
						38727.2727272727,
						3,
						0
					],
					[
						39000,
						2,
						0
					]
				],
				"mustHitSection": false
			},
			{
				"lengthInSteps": 16,
				"sectionNotes": [
					[
						39272.7272727273,
						3,
						0
					],
					[
						39545.4545454546,
						1,
						0
					],
					[
						39681.8181818182,
						0,
						0
					],
					[
						39818.1818181818,
						3,
						0
					],
					[
						40090.9090909091,
						1,
						0
					],
					[
						40227.2727272727,
						0,
						0
					],
					[
						40363.6363636364,
						2,
						0
					],
					[
						40636.3636363637,
						2,
						0
					],
					[
						40909.0909090909,
						3,
						0
					],
					[
						41181.8181818182,
						0,
						0
					]
				],
				"mustHitSection": false
			},
			{
				"lengthInSteps": 16,
				"sectionNotes": [
					[
						41454.5454545455,
						2,
						0
					],
					[
						41727.2727272727,
						3,
						0
					],
					[
						42000,
						3,
						0
					],
					[
						42545.4545454546,
						0,
						0
					],
					[
						42818.1818181818,
						1,
						0
					],
					[
						43090.9090909091,
						2,
						0
					],
					[
						43363.6363636364,
						3,
						0
					],
					[
						42272.7272727273,
						0,
						0
					]
				],
				"mustHitSection": false
			},
			{
				"lengthInSteps": 16,
				"sectionNotes": [
					[
						43636.3636363636,
						3,
						0
					],
					[
						43909.0909090909,
						1,
						0
					],
					[
						44045.4545454545,
						0,
						0
					],
					[
						44181.8181818182,
						3,
						0
					],
					[
						44454.5454545454,
						1,
						0
					],
					[
						44590.9090909091,
						0,
						0
					],
					[
						44727.2727272727,
						3,
						0
					],
					[
						45000,
						3,
						0
					],
					[
						45272.7272727273,
						2,
						0
					],
					[
						45545.4545454545,
						1,
						0
					]
				],
				"mustHitSection": true
			},
			{
				"lengthInSteps": 16,
				"sectionNotes": [
					[
						46090.9090909091,
						2,
						0
					],
					[
						46363.6363636364,
						3,
						0
					],
					[
						46636.3636363636,
						1,
						0
					],
					[
						46909.0909090909,
						2,
						0
					],
					[
						47181.8181818182,
						2,
						0
					],
					[
						47454.5454545454,
						3,
						0
					],
					[
						47727.2727272727,
						2,
						0
					]
				],
				"mustHitSection": true
			},
			{
				"lengthInSteps": 16,
				"sectionNotes": [
					[
						48000,
						3,
						0
					],
					[
						48272.7272727273,
						1,
						0
					],
					[
						48409.0909090909,
						0,
						0
					],
					[
						48545.4545454545,
						3,
						0
					],
					[
						48818.1818181818,
						1,
						0
					],
					[
						48954.5454545454,
						0,
						0
					],
					[
						49090.9090909091,
						2,
						0
					],
					[
						49363.6363636364,
						2,
						0
					],
					[
						49636.3636363636,
						3,
						0
					],
					[
						49909.0909090909,
						0,
						0
					]
				],
				"mustHitSection": true
			},
			{
				"lengthInSteps": 16,
				"sectionNotes": [
					[
						50181.8181818182,
						2,
						0
					],
					[
						50454.5454545455,
						3,
						0
					],
					[
						51000,
						0,
						0
					],
					[
						50727.2727272728,
						1,
						0
					],
					[
						51272.7272727273,
						1,
						0
					],
					[
						51545.4545454546,
						2,
						0
					],
					[
						51818.1818181819,
						3,
						0
					],
					[
						52090.9090909091,
						2,
						0
					]
				],
				"mustHitSection": true
			},
			{
				"lengthInSteps": 16,
				"sectionNotes": [
					[
						54000,
						7,
						409.090909090909
					],
					[
						52363.6363636364,
						6,
						1500
					],
					[
						52363.6363636364,
						3,
						0
					],
					[
						53181.8181818182,
						3,
						0
					],
					[
						53454.5454545455,
						3,
						0
					],
					[
						53727.2727272728,
						2,
						0
					],
					[
						54000,
						1,
						0
					]
				],
				"mustHitSection": false
			},
			{
				"lengthInSteps": 16,
				"sectionNotes": [
					[
						54545.4545454546,
						3,
						0
					],
					[
						55363.6363636364,
						2,
						0
					],
					[
						55636.3636363637,
						0,
						0
					],
					[
						55909.0909090909,
						1,
						0
					],
					[
						54545.4545454546,
						4,
						954.545454545454
					],
					[
						55636.3636363637,
						7,
						954.545454545454
					],
					[
						56181.8181818182,
						3,
						0
					]
				],
				"mustHitSection": false
			},
			{
				"lengthInSteps": 16,
				"sectionNotes": [
					[
						56727.2727272728,
						0,
						0
					],
					[
						57545.4545454546,
						0,
						0
					],
					[
						57818.1818181819,
						0,
						0
					],
					[
						58090.9090909091,
						1,
						0
					],
					[
						56727.2727272728,
						5,
						2045.45454545455
					],
					[
						58363.6363636364,
						2,
						0
					]
				],
				"mustHitSection": false
			},
			{
				"lengthInSteps": 16,
				"sectionNotes": [
					[
						58909.0909090909,
						6,
						954.545454545454
					],
					[
						60000,
						4,
						409.090909090909
					],
					[
						60545.4545454546,
						7,
						409.090909090909
					],
					[
						59454.5454545455,
						0,
						409.090909090909
					],
					[
						60000,
						3,
						409.090909090909
					],
					[
						58909.0909090909,
						3,
						409.090909090909
					],
					[
						60545.4545454546,
						0,
						409.090909090909
					]
				],
				"mustHitSection": false
			},
			{
				"lengthInSteps": 16,
				"sectionNotes": [
					[
						62727.2727272728,
						7,
						409.090909090909
					],
					[
						62727.2727272728,
						7,
						409.090909090909
					],
					[
						61090.9090909091,
						3,
						0
					],
					[
						61909.0909090909,
						3,
						0
					],
					[
						62181.8181818182,
						3,
						0
					],
					[
						62454.5454545455,
						2,
						0
					],
					[
						61090.9090909091,
						6,
						1500
					],
					[
						62727.2727272728,
						1,
						0
					]
				],
				"mustHitSection": true
			},
			{
				"lengthInSteps": 16,
				"sectionNotes": [
					[
						63272.7272727273,
						3,
						0
					],
					[
						64090.9090909091,
						2,
						0
					],
					[
						64363.6363636364,
						0,
						0
					],
					[
						64636.3636363637,
						1,
						0
					],
					[
						63272.7272727273,
						4,
						954.545454545454
					],
					[
						64363.6363636364,
						7,
						954.545454545454
					],
					[
						64909.090909091,
						3,
						0
					]
				],
				"mustHitSection": true
			},
			{
				"lengthInSteps": 16,
				"sectionNotes": [
					[
						65454.5454545455,
						0,
						0
					],
					[
						66272.7272727273,
						0,
						0
					],
					[
						66545.4545454546,
						0,
						0
					],
					[
						66818.1818181819,
						1,
						0
					],
					[
						65454.5454545455,
						5,
						2045.45454545455
					],
					[
						67090.9090909091,
						2,
						0
					]
				],
				"mustHitSection": true
			},
			{
				"lengthInSteps": 16,
				"sectionNotes": [
					[
						67636.3636363637,
						6,
						954.545454545454
					],
					[
						68727.2727272728,
						4,
						409.090909090909
					],
					[
						69272.7272727273,
						7,
						409.090909090909
					],
					[
						67636.3636363637,
						2,
						409.090909090909
					],
					[
						68181.8181818182,
						0,
						409.090909090909
					],
					[
						68727.2727272728,
						3,
						409.090909090909
					],
					[
						69272.7272727273,
						2,
						409.090909090909
					]
				],
				"mustHitSection": true
			},
			{
				"lengthInSteps": 16,
				"sectionNotes": [
					[
						69818.1818181819,
						4,
						409.090909090909
					],
					[
						69818.1818181819,
						2,
						0
					],
					[
						70090.9090909091,
						1,
						0
					],
					[
						70363.6363636364,
						2,
						0
					],
					[
						70636.3636363637,
						1,
						0
					],
					[
						70909.0909090909,
						3,
						0
					],
					[
						71181.8181818182,
						2,
						0
					],
					[
						71454.5454545455,
						3,
						0
					]
				],
				"mustHitSection": false
			},
			{
				"lengthInSteps": 16,
				"sectionNotes": [
					[
						72000,
						2,
						0
					],
					[
						72272.7272727273,
						0,
						0
					],
					[
						72545.4545454546,
						2,
						0
					],
					[
						73227.2727272727,
						1,
						0
					],
					[
						73500,
						3,
						0
					],
					[
						73636.3636363637,
						2,
						0
					],
					[
						73909.0909090909,
						0,
						0
					],
					[
						72136.3636363637,
						1,
						0
					],
					[
						72681.8181818182,
						1,
						0
					],
					[
						72818.1818181819,
						0,
						0
					],
					[
						73090.9090909091,
						2,
						0
					],
					[
						73363.6363636364,
						0,
						0
					]
				],
				"mustHitSection": false
			},
			{
				"lengthInSteps": 16,
				"sectionNotes": [
					[
						74181.8181818183,
						2,
						0
					],
					[
						74454.5454545455,
						1,
						0
					],
					[
						74727.2727272728,
						2,
						0
					],
					[
						75000.0000000001,
						1,
						0
					],
					[
						75272.7272727273,
						3,
						0
					],
					[
						75545.4545454546,
						2,
						0
					],
					[
						75818.1818181819,
						3,
						0
					]
				],
				"mustHitSection": false
			},
			{
				"lengthInSteps": 16,
				"sectionNotes": [
					[
						76363.6363636364,
						2,
						0
					],
					[
						76500.0000000001,
						1,
						0
					],
					[
						76636.3636363637,
						0,
						0
					],
					[
						76909.090909091,
						2,
						0
					],
					[
						77590.9090909091,
						1,
						0
					],
					[
						77863.6363636364,
						3,
						0
					],
					[
						78000.0000000001,
						2,
						0
					],
					[
						78272.7272727273,
						3,
						0
					],
					[
						77045.4545454546,
						1,
						0
					],
					[
						77181.8181818182,
						0,
						0
					],
					[
						77454.5454545455,
						2,
						0
					],
					[
						77727.2727272727,
						0,
						0
					]
				],
				"mustHitSection": false
			},
			{
				"lengthInSteps": 16,
				"sectionNotes": [
					[
						78545.4545454546,
						2,
						0
					],
					[
						78818.1818181818,
						1,
						0
					],
					[
						79090.9090909091,
						2,
						0
					],
					[
						79363.6363636364,
						1,
						0
					],
					[
						79636.3636363636,
						3,
						0
					],
					[
						79909.0909090909,
						2,
						0
					],
					[
						80181.8181818182,
						3,
						0
					]
				],
				"mustHitSection": true
			},
			{
				"lengthInSteps": 16,
				"sectionNotes": [
					[
						80727.2727272727,
						2,
						0
					],
					[
						80863.6363636364,
						1,
						0
					],
					[
						81000,
						0,
						0
					],
					[
						81954.5454545454,
						1,
						0
					],
					[
						82227.2727272727,
						3,
						0
					],
					[
						82363.6363636364,
						2,
						0
					],
					[
						82636.3636363636,
						0,
						0
					],
					[
						81272.7272727273,
						2,
						0
					],
					[
						81409.0909090909,
						1,
						0
					],
					[
						81545.4545454546,
						0,
						0
					],
					[
						81818.1818181818,
						2,
						0
					],
					[
						82090.9090909091,
						0,
						0
					]
				],
				"mustHitSection": true
			},
			{
				"lengthInSteps": 16,
				"sectionNotes": [
					[
						82909.090909091,
						2,
						0
					],
					[
						83181.8181818182,
						1,
						0
					],
					[
						83454.5454545455,
						2,
						0
					],
					[
						83727.2727272728,
						1,
						0
					],
					[
						84000,
						3,
						0
					],
					[
						84272.7272727273,
						2,
						0
					],
					[
						84545.4545454546,
						3,
						0
					]
				],
				"mustHitSection": true
			},
			{
				"lengthInSteps": 16,
				"sectionNotes": [
					[
						85090.9090909091,
						2,
						0
					],
					[
						85227.2727272728,
						1,
						0
					],
					[
						85363.6363636364,
						0,
						0
					],
					[
						85636.3636363637,
						2,
						0
					],
					[
						86181.8181818182,
						3,
						0
					],
					[
						86454.5454545455,
						1,
						0
					],
					[
						86454.5454545455,
						2,
						0
					],
					[
						86727.2727272727,
						2,
						0
					],
					[
						86727.2727272727,
						3,
						0
					],
					[
						87000,
						0,
						0
					],
					[
						87000,
						1,
						0
					],
					[
						85772.7272727273,
						1,
						0
					],
					[
						85909.0909090909,
						0,
						0
					],
					[
						86181.8181818182,
						0,
						0
					]
				],
				"mustHitSection": true
			},
			{
				"lengthInSteps": 16,
				"sectionNotes": [
					[
						87545.4545454545,
						2,
						0
					],
					[
						87272.7272727273,
						0,
						0
					],
					[
						87818.1818181818,
						0,
						0
					],
					[
						88090.9090909091,
						3,
						0
					],
					[
						88363.6363636364,
						2,
						0
					],
					[
						88636.3636363636,
						0,
						0
					],
					[
						88909.0909090909,
						2,
						0
					],
					[
						89181.8181818182,
						3,
						0
					]
				],
				"mustHitSection": false
			},
			{
				"lengthInSteps": 16,
				"sectionNotes": [
					[
						89727.2727272727,
						2,
						0
					],
					[
						90000,
						3,
						0
					],
					[
						90272.7272727273,
						0,
						0
					],
					[
						90545.4545454545,
						3,
						0
					],
					[
						90818.1818181818,
						2,
						0
					],
					[
						91090.9090909091,
						0,
						0
					],
					[
						91363.6363636364,
						3,
						0
					]
				],
				"mustHitSection": false
			},
			{
				"sectionNotes": [
					[
						91909.0909090909,
						2,
						0
					],
					[
						91636.3636363636,
						0,
						0
					],
					[
						92181.8181818182,
						0,
						0
					],
					[
						92454.5454545455,
						3,
						0
					],
					[
						92727.2727272727,
						2,
						0
					],
					[
						93000,
						0,
						0
					],
					[
						93272.7272727273,
						2,
						0
					],
					[
						93545.4545454545,
						3,
						0
					]
				],
				"typeOfSection": 0,
				"lengthInSteps": 16,
				"altAnim": false,
				"mustHitSection": false,
				"changeBPM": false,
				"bpm": 120
			},
			{
				"sectionNotes": [
					[
						93818.1818181818,
						2,
						0
					],
					[
						94363.6363636363,
						0,
						0
					],
					[
						94636.3636363636,
						3,
						136.363636363636
					],
					[
						94909.0909090909,
						2,
						0
					],
					[
						95181.8181818182,
						3,
						0
					],
					[
						95454.5454545454,
						0,
						0
					],
					[
						95727.2727272727,
						2,
						136.363636363636
					],
					[
						94090.9090909091,
						3,
						0
					]
				],
				"typeOfSection": 0,
				"lengthInSteps": 16,
				"altAnim": false,
				"mustHitSection": false,
				"changeBPM": false,
				"bpm": 120
			},
			{
				"sectionNotes": [
					[
						96272.7272727272,
						2,
						0
					],
					[
						96000,
						0,
						0
					],
					[
						96545.4545454545,
						0,
						0
					],
					[
						96818.1818181818,
						3,
						0
					],
					[
						97090.9090909091,
						2,
						0
					],
					[
						97363.6363636363,
						0,
						0
					],
					[
						97636.3636363636,
						2,
						0
					],
					[
						97909.0909090909,
						3,
						0
					]
				],
				"typeOfSection": 0,
				"lengthInSteps": 16,
				"altAnim": false,
				"mustHitSection": true,
				"changeBPM": false,
				"bpm": 120
			},
			{
				"sectionNotes": [
					[
						98454.5454545454,
						2,
						0
					],
					[
						98727.2727272727,
						3,
						0
					],
					[
						99000,
						0,
						0
					],
					[
						99272.7272727272,
						3,
						0
					],
					[
						99545.4545454545,
						2,
						0
					],
					[
						99818.1818181818,
						0,
						0
					],
					[
						100090.909090909,
						3,
						0
					]
				],
				"typeOfSection": 0,
				"lengthInSteps": 16,
				"altAnim": false,
				"mustHitSection": true,
				"changeBPM": false,
				"bpm": 120
			},
			{
				"sectionNotes": [
					[
						100636.363636364,
						2,
						0
					],
					[
						100363.636363636,
						0,
						0
					],
					[
						100909.090909091,
						0,
						0
					],
					[
						101181.818181818,
						3,
						0
					],
					[
						101454.545454545,
						2,
						0
					],
					[
						101727.272727273,
						0,
						0
					],
					[
						102000,
						2,
						0
					],
					[
						102272.727272727,
						3,
						0
					]
				],
				"typeOfSection": 0,
				"lengthInSteps": 16,
				"altAnim": false,
				"mustHitSection": true,
				"changeBPM": false,
				"bpm": 120
			},
			{
				"lengthInSteps": 16,
				"typeOfSection": 0,
				"sectionNotes": [
					[
						102545.454545455,
						2,
						0
					],
					[
						103090.909090909,
						0,
						0
					],
					[
						102818.181818182,
						3,
						0
					],
					[
						103363.636363636,
						3,
						0
					],
					[
						103636.363636364,
						2,
						545.454545454545
					]
				],
				"altAnim": false,
				"bpm": 120,
				"changeBPM": false,
				"mustHitSection": true
			},
			{
				"lengthInSteps": 16,
				"typeOfSection": 0,
				"sectionNotes": [
					[
						104727.272727273,
						3,
						409.090909090909
					],
					[
						105545.454545455,
						3,
						0
					],
					[
						105818.181818182,
						0,
						0
					],
					[
						106090.909090909,
						2,
						0
					],
					[
						106363.636363636,
						0,
						0
					]
				],
				"altAnim": false,
				"bpm": 120,
				"changeBPM": false,
				"mustHitSection": false
			},
			{
				"lengthInSteps": 16,
				"typeOfSection": 0,
				"sectionNotes": [
					[
						106909.090909091,
						1,
						954.545454545454
					]
				],
				"altAnim": false,
				"bpm": 110,
				"changeBPM": false,
				"mustHitSection": false
			},
			{
				"lengthInSteps": 16,
				"typeOfSection": 0,
				"sectionNotes": [
					[
						109090.909090909,
						3,
						409.090909090909
					],
					[
						109909.090909091,
						3,
						0
					],
					[
						110181.818181818,
						0,
						0
					],
					[
						110454.545454545,
						2,
						0
					],
					[
						110727.272727273,
						0,
						0
					],
					[
						111000,
						1,
						0
					]
				],
				"altAnim": false,
				"bpm": 110,
				"changeBPM": false,
				"mustHitSection": false
			},
			{
				"lengthInSteps": 16,
				"typeOfSection": 0,
				"sectionNotes": [
					[
						111272.727272727,
						3,
						954.545454545454
					]
				],
				"altAnim": false,
				"bpm": 110,
				"changeBPM": false,
				"mustHitSection": false
			},
			{
				"lengthInSteps": 16,
				"typeOfSection": 0,
				"sectionNotes": [
					[
						113454.545454545,
						3,
						409.090909090909
					],
					[
						114272.727272727,
						3,
						0
					],
					[
						114545.454545454,
						0,
						0
					],
					[
						115090.909090909,
						0,
						0
					],
					[
						114818.181818182,
						1,
						0
					]
				],
				"altAnim": false,
				"bpm": 110,
				"changeBPM": false,
				"mustHitSection": true
			},
			{
				"lengthInSteps": 16,
				"typeOfSection": 0,
				"sectionNotes": [
					[
						115636.363636364,
						2,
						954.545454545454
					]
				],
				"altAnim": false,
				"bpm": 110,
				"changeBPM": false,
				"mustHitSection": true
			},
			{
				"sectionNotes": [
					[
						117818.181818182,
						3,
						409.090909090909
					],
					[
						118636.363636364,
						3,
						0
					],
					[
						118909.090909091,
						0,
						0
					],
					[
						119454.545454545,
						0,
						0
					],
					[
						119181.818181818,
						1,
						0
					],
					[
						119727.272727273,
						3,
						0
					]
				],
				"typeOfSection": 0,
				"lengthInSteps": 16,
				"altAnim": false,
				"mustHitSection": true,
				"changeBPM": false,
				"bpm": 110
			},
			{
				"lengthInSteps": 16,
				"typeOfSection": 0,
				"sectionNotes": [
					[
						120000,
						2,
						954.545454545454
					]
				],
				"altAnim": false,
				"bpm": 110,
				"changeBPM": false,
				"mustHitSection": true
			},
			{
				"lengthInSteps": 16,
				"typeOfSection": 0,
				"sectionNotes": [
					[
						122181.818181818,
						2,
						0
					],
					[
						122454.545454545,
						3,
						0
					],
					[
						122727.272727273,
						1,
						0
					],
					[
						123000,
						0,
						0
					],
					[
						123272.727272727,
						2,
						0
					],
					[
						123545.454545455,
						1,
						0
					],
					[
						123818.181818182,
						3,
						0
					],
					[
						124090.909090909,
						1,
						0
					]
				],
				"altAnim": false,
				"bpm": 110,
				"changeBPM": false,
				"mustHitSection": false
			},
			{
				"lengthInSteps": 16,
				"typeOfSection": 0,
				"sectionNotes": [
					[
						124636.363636364,
						2,
						0
					],
					[
						124909.090909091,
						3,
						0
					],
					[
						125181.818181818,
						1,
						0
					],
					[
						125454.545454545,
						3,
						0
					],
					[
						125727.272727273,
						0,
						0
					],
					[
						126000,
						2,
						0
					],
					[
						126272.727272727,
						3,
						0
					]
				],
				"altAnim": false,
				"bpm": 110,
				"changeBPM": false,
				"mustHitSection": false
			},
			{
				"lengthInSteps": 16,
				"typeOfSection": 0,
				"sectionNotes": [
					[
						126545.454545455,
						2,
						0
					],
					[
						126818.181818182,
						3,
						0
					],
					[
						127090.909090909,
						1,
						0
					],
					[
						127363.636363636,
						0,
						0
					],
					[
						127636.363636364,
						2,
						0
					],
					[
						127909.090909091,
						1,
						0
					],
					[
						128181.818181818,
						3,
						0
					],
					[
						128454.545454545,
						1,
						0
					]
				],
				"altAnim": false,
				"bpm": 110,
				"changeBPM": false,
				"mustHitSection": false
			},
			{
				"lengthInSteps": 16,
				"typeOfSection": 0,
				"sectionNotes": [
					[
						128727.272727273,
						2,
						0
					],
					[
						129136.363636364,
						1,
						0
					],
					[
						129545.454545455,
						3,
						0
					],
					[
						129954.545454545,
						0,
						0
					],
					[
						130363.636363636,
						2,
						0
					],
					[
						130636.363636364,
						3,
						0
					]
				],
				"altAnim": false,
				"bpm": 110,
				"changeBPM": false,
				"mustHitSection": false
			},
			{
				"lengthInSteps": 16,
				"typeOfSection": 0,
				"sectionNotes": [
					[
						130909.090909091,
						2,
						0
					],
					[
						131181.818181818,
						3,
						0
					],
					[
						131454.545454545,
						1,
						0
					],
					[
						131727.272727273,
						0,
						0
					],
					[
						132000,
						2,
						0
					],
					[
						132272.727272727,
						1,
						0
					],
					[
						132545.454545455,
						3,
						0
					],
					[
						132818.181818182,
						1,
						0
					]
				],
				"altAnim": false,
				"bpm": 110,
				"changeBPM": false,
				"mustHitSection": true
			},
			{
				"lengthInSteps": 16,
				"typeOfSection": 0,
				"sectionNotes": [
					[
						133363.636363636,
						2,
						0
					],
					[
						133636.363636364,
						3,
						0
					],
					[
						133909.090909091,
						1,
						0
					],
					[
						134181.818181818,
						3,
						0
					],
					[
						134454.545454545,
						0,
						0
					],
					[
						134727.272727273,
						2,
						0
					],
					[
						135000,
						3,
						0
					]
				],
				"altAnim": false,
				"bpm": 110,
				"changeBPM": false,
				"mustHitSection": true
			},
			{
				"lengthInSteps": 16,
				"typeOfSection": 0,
				"sectionNotes": [
					[
						135272.727272727,
						2,
						0
					],
					[
						135545.454545455,
						3,
						0
					],
					[
						135818.181818182,
						1,
						0
					],
					[
						136090.909090909,
						0,
						0
					],
					[
						136363.636363636,
						2,
						0
					],
					[
						136636.363636364,
						1,
						0
					],
					[
						136909.090909091,
						3,
						0
					],
					[
						137181.818181818,
						1,
						0
					]
				],
				"altAnim": false,
				"bpm": 110,
				"changeBPM": false,
				"mustHitSection": true
			},
			{
				"lengthInSteps": 16,
				"typeOfSection": 0,
				"sectionNotes": [
					[
						137454.545454545,
						2,
						0
					],
					[
						137863.636363636,
						1,
						0
					],
					[
						138272.727272727,
						3,
						0
					],
					[
						138681.818181818,
						0,
						0
					],
					[
						139090.909090909,
						2,
						0
					],
					[
						139363.636363636,
						3,
						0
					]
				],
				"altAnim": false,
				"bpm": 110,
				"changeBPM": false,
				"mustHitSection": true
			},
			{
				"lengthInSteps": 16,
				"typeOfSection": 0,
				"sectionNotes": [
					[
						139636.363636364,
						3,
						0
					],
					[
						139909.090909091,
						1,
						0
					],
					[
						140045.454545455,
						0,
						0
					],
					[
						140181.818181818,
						3,
						0
					],
					[
						140454.545454545,
						1,
						0
					],
					[
						140590.909090909,
						0,
						0
					],
					[
						140727.272727273,
						3,
						0
					],
					[
						141000,
						3,
						0
					],
					[
						141272.727272727,
						2,
						0
					],
					[
						141545.454545455,
						1,
						0
					],
					[
						139636.363636364,
						5,
						0
					]
				],
				"altAnim": false,
				"bpm": 110,
				"changeBPM": false,
				"mustHitSection": false
			},
			{
				"lengthInSteps": 16,
				"typeOfSection": 0,
				"sectionNotes": [
					[
						142090.909090909,
						2,
						0
					],
					[
						142363.636363636,
						3,
						0
					],
					[
						142636.363636364,
						1,
						0
					],
					[
						142909.090909091,
						2,
						0
					],
					[
						143181.818181818,
						2,
						0
					],
					[
						143454.545454545,
						3,
						0
					],
					[
						143727.272727273,
						2,
						0
					]
				],
				"altAnim": false,
				"bpm": 110,
				"changeBPM": false,
				"mustHitSection": false
			},
			{
				"lengthInSteps": 16,
				"typeOfSection": 0,
				"sectionNotes": [
					[
						144000,
						3,
						0
					],
					[
						144272.727272727,
						1,
						0
					],
					[
						144409.090909091,
						0,
						0
					],
					[
						144545.454545455,
						3,
						0
					],
					[
						144818.181818182,
						1,
						0
					],
					[
						144954.545454545,
						0,
						0
					],
					[
						145090.909090909,
						2,
						0
					],
					[
						145363.636363636,
						2,
						0
					],
					[
						145636.363636364,
						3,
						0
					],
					[
						145909.090909091,
						0,
						0
					]
				],
				"altAnim": false,
				"bpm": 110,
				"changeBPM": false,
				"mustHitSection": false
			},
			{
				"lengthInSteps": 16,
				"typeOfSection": 0,
				"sectionNotes": [
					[
						146181.818181818,
						2,
						0
					],
					[
						146454.545454545,
						3,
						0
					],
					[
						146727.272727273,
						3,
						0
					],
					[
						147272.727272727,
						0,
						0
					],
					[
						147545.454545455,
						1,
						0
					],
					[
						147818.181818182,
						2,
						0
					],
					[
						148090.909090909,
						3,
						0
					],
					[
						147000,
						0,
						0
					]
				],
				"altAnim": false,
				"bpm": 110,
				"changeBPM": false,
				"mustHitSection": false
			},
			{
				"lengthInSteps": 16,
				"typeOfSection": 0,
				"sectionNotes": [
					[
						148363.636363636,
						3,
						0
					],
					[
						148636.363636364,
						1,
						0
					],
					[
						148772.727272727,
						0,
						0
					],
					[
						148909.090909091,
						3,
						0
					],
					[
						149181.818181818,
						1,
						0
					],
					[
						149318.181818182,
						0,
						0
					],
					[
						149454.545454545,
						3,
						0
					],
					[
						149727.272727273,
						3,
						0
					],
					[
						150000,
						2,
						0
					],
					[
						150272.727272727,
						1,
						0
					]
				],
				"altAnim": false,
				"bpm": 110,
				"changeBPM": false,
				"mustHitSection": true
			},
			{
				"lengthInSteps": 16,
				"typeOfSection": 0,
				"sectionNotes": [
					[
						150818.181818182,
						2,
						0
					],
					[
						151090.909090909,
						3,
						0
					],
					[
						151363.636363636,
						1,
						0
					],
					[
						151636.363636364,
						2,
						0
					],
					[
						151909.090909091,
						2,
						0
					],
					[
						152181.818181818,
						3,
						0
					],
					[
						152454.545454545,
						2,
						0
					]
				],
				"altAnim": false,
				"bpm": 110,
				"changeBPM": false,
				"mustHitSection": true
			},
			{
				"lengthInSteps": 16,
				"typeOfSection": 0,
				"sectionNotes": [
					[
						152727.272727273,
						3,
						0
					],
					[
						153000,
						1,
						0
					],
					[
						153136.363636364,
						0,
						0
					],
					[
						153272.727272727,
						3,
						0
					],
					[
						153545.454545455,
						1,
						0
					],
					[
						153681.818181818,
						0,
						0
					],
					[
						153818.181818182,
						2,
						0
					],
					[
						154090.909090909,
						2,
						0
					],
					[
						154363.636363636,
						3,
						0
					],
					[
						154636.363636364,
						0,
						0
					]
				],
				"altAnim": false,
				"bpm": 110,
				"changeBPM": false,
				"mustHitSection": true
			},
			{
				"lengthInSteps": 16,
				"typeOfSection": 0,
				"sectionNotes": [
					[
						154909.090909091,
						2,
						0
					],
					[
						155181.818181818,
						3,
						0
					],
					[
						155727.272727273,
						0,
						0
					],
					[
						155454.545454545,
						1,
						0
					],
					[
						156000,
						1,
						0
					],
					[
						156272.727272727,
						2,
						0
					],
					[
						156545.454545455,
						3,
						0
					],
					[
						156818.181818182,
						2,
						0
					]
				],
				"altAnim": false,
				"bpm": 110,
				"changeBPM": false,
				"mustHitSection": true
			},
			{
				"lengthInSteps": 16,
				"typeOfSection": 0,
				"sectionNotes": [
					[
						158727.272727273,
						7,
						409.090909090909
					],
					[
						157090.909090909,
						6,
						1500
					],
					[
						157090.909090909,
						3,
						0
					],
					[
						157909.090909091,
						3,
						0
					],
					[
						158181.818181818,
						3,
						0
					],
					[
						158454.545454545,
						2,
						0
					],
					[
						158727.272727273,
						1,
						0
					]
				],
				"altAnim": false,
				"bpm": 110,
				"changeBPM": false,
				"mustHitSection": false
			},
			{
				"lengthInSteps": 16,
				"typeOfSection": 0,
				"sectionNotes": [
					[
						159272.727272727,
						3,
						0
					],
					[
						160090.909090909,
						2,
						0
					],
					[
						160363.636363636,
						0,
						0
					],
					[
						160636.363636364,
						1,
						0
					],
					[
						159272.727272727,
						4,
						954.545454545454
					],
					[
						160363.636363636,
						7,
						954.545454545454
					],
					[
						160909.090909091,
						3,
						0
					]
				],
				"altAnim": false,
				"bpm": 110,
				"changeBPM": false,
				"mustHitSection": false
			},
			{
				"lengthInSteps": 16,
				"typeOfSection": 0,
				"sectionNotes": [
					[
						161454.545454545,
						0,
						0
					],
					[
						162272.727272727,
						0,
						0
					],
					[
						162545.454545455,
						0,
						0
					],
					[
						162818.181818182,
						1,
						0
					],
					[
						161454.545454545,
						5,
						2045.45454545455
					],
					[
						163090.909090909,
						2,
						0
					]
				],
				"altAnim": false,
				"bpm": 110,
				"changeBPM": false,
				"mustHitSection": false
			},
			{
				"lengthInSteps": 16,
				"typeOfSection": 0,
				"sectionNotes": [
					[
						163636.363636364,
						6,
						954.545454545454
					],
					[
						164727.272727273,
						4,
						409.090909090909
					],
					[
						165272.727272727,
						7,
						409.090909090909
					],
					[
						163636.363636364,
						2,
						409.090909090909
					],
					[
						164181.818181818,
						0,
						409.090909090909
					],
					[
						164727.272727273,
						3,
						409.090909090909
					],
					[
						165272.727272727,
						2,
						409.090909090909
					]
				],
				"altAnim": false,
				"bpm": 110,
				"changeBPM": false,
				"mustHitSection": false
			},
			{
				"lengthInSteps": 16,
				"typeOfSection": 0,
				"sectionNotes": [
					[
						167454.545454545,
						7,
						409.090909090909
					],
					[
						167454.545454545,
						7,
						409.090909090909
					],
					[
						165818.181818182,
						3,
						0
					],
					[
						166636.363636364,
						3,
						0
					],
					[
						166909.090909091,
						3,
						0
					],
					[
						167181.818181818,
						2,
						0
					],
					[
						165818.181818182,
						5,
						1500
					],
					[
						167454.545454545,
						1,
						0
					]
				],
				"altAnim": false,
				"bpm": 110,
				"changeBPM": false,
				"mustHitSection": true
			},
			{
				"lengthInSteps": 16,
				"typeOfSection": 0,
				"sectionNotes": [
					[
						168000,
						3,
						0
					],
					[
						168818.181818182,
						2,
						0
					],
					[
						169090.909090909,
						0,
						0
					],
					[
						169363.636363636,
						1,
						0
					],
					[
						168000,
						4,
						954.545454545454
					],
					[
						169090.909090909,
						7,
						954.545454545454
					],
					[
						169636.363636363,
						3,
						0
					]
				],
				"altAnim": false,
				"bpm": 110,
				"changeBPM": false,
				"mustHitSection": true
			},
			{
				"lengthInSteps": 16,
				"typeOfSection": 0,
				"sectionNotes": [
					[
						170181.818181818,
						0,
						0
					],
					[
						171000,
						0,
						0
					],
					[
						171272.727272727,
						0,
						0
					],
					[
						171545.454545455,
						1,
						0
					],
					[
						170181.818181818,
						5,
						2045.45454545455
					],
					[
						171818.181818182,
						2,
						0
					]
				],
				"altAnim": false,
				"bpm": 110,
				"changeBPM": false,
				"mustHitSection": true
			},
			{
				"lengthInSteps": 16,
				"typeOfSection": 0,
				"sectionNotes": [
					[
						172363.636363636,
						6,
						954.545454545454
					],
					[
						173454.545454545,
						4,
						409.090909090909
					],
					[
						174000,
						7,
						409.090909090909
					],
					[
						172363.636363636,
						2,
						409.090909090909
					],
					[
						172909.090909091,
						0,
						409.090909090909
					],
					[
						173454.545454545,
						3,
						409.090909090909
					],
					[
						174000,
						2,
						409.090909090909
					]
				],
				"altAnim": false,
				"bpm": 110,
				"changeBPM": false,
				"mustHitSection": true
			},
			{
				"lengthInSteps": 16,
				"typeOfSection": 0,
				"sectionNotes": [
					[
						174545.454545455,
						4,
						409.090909090909
					],
					[
						174545.454545455,
						2,
						0
					],
					[
						174818.181818182,
						1,
						0
					],
					[
						175090.909090909,
						2,
						0
					],
					[
						175363.636363636,
						1,
						0
					],
					[
						175636.363636364,
						3,
						0
					],
					[
						175909.090909091,
						2,
						0
					],
					[
						176181.818181818,
						3,
						0
					]
				],
				"altAnim": false,
				"bpm": 110,
				"changeBPM": false,
				"mustHitSection": false
			},
			{
				"lengthInSteps": 16,
				"typeOfSection": 0,
				"sectionNotes": [
					[
						176727.272727273,
						2,
						0
					],
					[
						177000,
						0,
						0
					],
					[
						177272.727272727,
						2,
						0
					],
					[
						177954.545454545,
						1,
						0
					],
					[
						178227.272727273,
						3,
						0
					],
					[
						178363.636363636,
						2,
						0
					],
					[
						178636.363636364,
						0,
						0
					],
					[
						176863.636363636,
						1,
						0
					],
					[
						177409.090909091,
						1,
						0
					],
					[
						177545.454545455,
						0,
						0
					],
					[
						177818.181818182,
						2,
						0
					],
					[
						178090.909090909,
						0,
						0
					]
				],
				"altAnim": false,
				"bpm": 110,
				"changeBPM": false,
				"mustHitSection": false
			},
			{
				"lengthInSteps": 16,
				"typeOfSection": 0,
				"sectionNotes": [
					[
						178909.090909091,
						2,
						0
					],
					[
						179181.818181818,
						1,
						0
					],
					[
						179454.545454545,
						2,
						0
					],
					[
						179727.272727273,
						1,
						0
					],
					[
						180000,
						3,
						0
					],
					[
						180272.727272727,
						2,
						0
					],
					[
						180545.454545455,
						3,
						0
					]
				],
				"altAnim": false,
				"bpm": 110,
				"changeBPM": false,
				"mustHitSection": false
			},
			{
				"lengthInSteps": 16,
				"typeOfSection": 0,
				"sectionNotes": [
					[
						181090.909090909,
						2,
						0
					],
					[
						181227.272727273,
						1,
						0
					],
					[
						181363.636363636,
						0,
						0
					],
					[
						181636.363636364,
						2,
						0
					],
					[
						182318.181818182,
						1,
						0
					],
					[
						182590.909090909,
						3,
						0
					],
					[
						182727.272727273,
						2,
						0
					],
					[
						183000,
						3,
						0
					],
					[
						181772.727272727,
						1,
						0
					],
					[
						181909.090909091,
						0,
						0
					],
					[
						182181.818181818,
						2,
						0
					],
					[
						182454.545454545,
						0,
						0
					]
				],
				"altAnim": false,
				"bpm": 110,
				"changeBPM": false,
				"mustHitSection": false
			},
			{
				"lengthInSteps": 16,
				"typeOfSection": 0,
				"sectionNotes": [
					[
						183272.727272727,
						2,
						0
					],
					[
						183545.454545455,
						1,
						0
					],
					[
						183818.181818182,
						2,
						0
					],
					[
						184090.909090909,
						1,
						0
					],
					[
						184363.636363636,
						3,
						0
					],
					[
						184636.363636364,
						2,
						0
					],
					[
						184909.090909091,
						3,
						0
					]
				],
				"altAnim": false,
				"bpm": 110,
				"changeBPM": false,
				"mustHitSection": true
			},
			{
				"lengthInSteps": 16,
				"typeOfSection": 0,
				"sectionNotes": [
					[
						185454.545454545,
						2,
						0
					],
					[
						185590.909090909,
						1,
						0
					],
					[
						185727.272727273,
						0,
						0
					],
					[
						186681.818181818,
						1,
						0
					],
					[
						186954.545454545,
						3,
						0
					],
					[
						187090.909090909,
						2,
						0
					],
					[
						187363.636363636,
						0,
						0
					],
					[
						186000,
						2,
						0
					],
					[
						186136.363636364,
						1,
						0
					],
					[
						186272.727272727,
						0,
						0
					],
					[
						186545.454545455,
						2,
						0
					],
					[
						186818.181818182,
						0,
						0
					]
				],
				"altAnim": false,
				"bpm": 110,
				"changeBPM": false,
				"mustHitSection": true
			},
			{
				"lengthInSteps": 16,
				"typeOfSection": 0,
				"sectionNotes": [
					[
						187636.363636364,
						2,
						0
					],
					[
						187909.090909091,
						1,
						0
					],
					[
						188181.818181818,
						2,
						0
					],
					[
						188454.545454545,
						1,
						0
					],
					[
						188727.272727273,
						3,
						0
					],
					[
						189000,
						2,
						0
					],
					[
						189272.727272727,
						3,
						0
					]
				],
				"altAnim": false,
				"bpm": 110,
				"changeBPM": false,
				"mustHitSection": true
			},
			{
				"lengthInSteps": 16,
				"typeOfSection": 0,
				"sectionNotes": [
					[
						189818.181818182,
						2,
						0
					],
					[
						189954.545454545,
						1,
						0
					],
					[
						190090.909090909,
						0,
						0
					],
					[
						190363.636363636,
						2,
						0
					],
					[
						190909.090909091,
						3,
						0
					],
					[
						191181.818181818,
						1,
						0
					],
					[
						191181.818181818,
						2,
						0
					],
					[
						191454.545454545,
						2,
						0
					],
					[
						191454.545454545,
						3,
						0
					],
					[
						191727.272727273,
						0,
						0
					],
					[
						191727.272727273,
						1,
						0
					],
					[
						190500,
						1,
						0
					],
					[
						190636.363636364,
						0,
						0
					],
					[
						190909.090909091,
						0,
						0
					]
				],
				"altAnim": false,
				"bpm": 110,
				"changeBPM": false,
				"mustHitSection": true
			},
			{
				"lengthInSteps": 16,
				"typeOfSection": 0,
				"sectionNotes": [
					[
						192000,
						3,
						0
					],
					[
						192272.727272727,
						1,
						0
					],
					[
						192409.090909091,
						0,
						0
					],
					[
						192545.454545455,
						3,
						0
					],
					[
						192818.181818182,
						1,
						0
					],
					[
						192954.545454545,
						0,
						0
					],
					[
						193090.909090909,
						3,
						0
					],
					[
						193363.636363636,
						3,
						0
					],
					[
						193636.363636364,
						2,
						0
					],
					[
						193909.090909091,
						1,
						0
					]
				],
				"altAnim": false,
				"bpm": 110,
				"changeBPM": false,
				"mustHitSection": false
			},
			{
				"lengthInSteps": 16,
				"typeOfSection": 0,
				"sectionNotes": [
					[
						194454.545454545,
						2,
						0
					],
					[
						194727.272727273,
						3,
						0
					],
					[
						195000,
						1,
						0
					],
					[
						195272.727272727,
						2,
						0
					],
					[
						195545.454545455,
						2,
						0
					],
					[
						195818.181818182,
						3,
						0
					],
					[
						196090.909090909,
						2,
						0
					]
				],
				"altAnim": false,
				"bpm": 110,
				"changeBPM": false,
				"mustHitSection": false
			},
			{
				"lengthInSteps": 16,
				"typeOfSection": 0,
				"sectionNotes": [
					[
						196363.636363636,
						3,
						0
					],
					[
						196636.363636364,
						1,
						0
					],
					[
						196772.727272727,
						0,
						0
					],
					[
						196909.090909091,
						3,
						0
					],
					[
						197181.818181818,
						1,
						0
					],
					[
						197318.181818182,
						0,
						0
					],
					[
						197454.545454545,
						2,
						0
					],
					[
						197727.272727273,
						2,
						0
					],
					[
						198000,
						3,
						0
					],
					[
						198272.727272727,
						0,
						0
					]
				],
				"altAnim": false,
				"bpm": 110,
				"changeBPM": false,
				"mustHitSection": false
			},
			{
				"lengthInSteps": 16,
				"typeOfSection": 0,
				"sectionNotes": [
					[
						198545.454545455,
						2,
						0
					],
					[
						198818.181818182,
						3,
						0
					],
					[
						199090.909090909,
						3,
						0
					],
					[
						199636.363636364,
						0,
						0
					],
					[
						199909.090909091,
						1,
						0
					],
					[
						200181.818181818,
						2,
						0
					],
					[
						200454.545454545,
						3,
						0
					],
					[
						199363.636363636,
						0,
						0
					]
				],
				"altAnim": false,
				"bpm": 110,
				"changeBPM": false,
				"mustHitSection": false
			},
			{
				"lengthInSteps": 16,
				"typeOfSection": 0,
				"sectionNotes": [
					[
						200727.272727273,
						3,
						0
					],
					[
						201000,
						1,
						0
					],
					[
						201136.363636364,
						0,
						0
					],
					[
						201272.727272727,
						3,
						0
					],
					[
						201545.454545454,
						1,
						0
					],
					[
						201681.818181818,
						0,
						0
					],
					[
						201818.181818182,
						3,
						0
					],
					[
						202090.909090909,
						3,
						0
					],
					[
						202363.636363636,
						2,
						0
					],
					[
						202636.363636364,
						1,
						0
					]
				],
				"altAnim": false,
				"bpm": 110,
				"changeBPM": false,
				"mustHitSection": true
			},
			{
				"lengthInSteps": 16,
				"typeOfSection": 0,
				"sectionNotes": [
					[
						203181.818181818,
						2,
						0
					],
					[
						203454.545454545,
						3,
						0
					],
					[
						203727.272727273,
						1,
						0
					],
					[
						204000,
						2,
						0
					],
					[
						204272.727272727,
						2,
						0
					],
					[
						204545.454545454,
						3,
						0
					],
					[
						204818.181818182,
						2,
						0
					]
				],
				"altAnim": false,
				"bpm": 110,
				"changeBPM": false,
				"mustHitSection": true
			},
			{
				"lengthInSteps": 16,
				"typeOfSection": 0,
				"sectionNotes": [
					[
						205090.909090909,
						3,
						0
					],
					[
						205363.636363636,
						1,
						0
					],
					[
						205500,
						0,
						0
					],
					[
						205636.363636364,
						3,
						0
					],
					[
						205909.090909091,
						1,
						0
					],
					[
						206045.454545454,
						0,
						0
					],
					[
						206181.818181818,
						2,
						0
					],
					[
						206454.545454545,
						2,
						0
					],
					[
						206727.272727273,
						3,
						0
					],
					[
						207000,
						0,
						0
					]
				],
				"altAnim": false,
				"bpm": 110,
				"changeBPM": false,
				"mustHitSection": true
			},
			{
				"lengthInSteps": 16,
				"typeOfSection": 0,
				"sectionNotes": [
					[
						207272.727272727,
						2,
						0
					],
					[
						207545.454545455,
						3,
						0
					],
					[
						208090.909090909,
						0,
						0
					],
					[
						207818.181818182,
						1,
						0
					],
					[
						208363.636363636,
						1,
						0
					],
					[
						208636.363636364,
						2,
						0
					],
					[
						208909.090909091,
						3,
						0
					],
					[
						209181.818181818,
						2,
						0
					]
				],
				"altAnim": false,
				"bpm": 110,
				"changeBPM": false,
				"mustHitSection": true
			},
			{
				"lengthInSteps": 16,
				"typeOfSection": 0,
				"sectionNotes": [],
				"altAnim": false,
				"bpm": 110,
				"changeBPM": false,
				"mustHitSection": false
			},
			{
				"lengthInSteps": 16,
				"typeOfSection": 0,
				"sectionNotes": [],
				"altAnim": false,
				"bpm": 110,
				"changeBPM": false,
				"mustHitSection": true
			},
			{
				"sectionNotes": [],
				"typeOfSection": 0,
				"lengthInSteps": 16,
				"altAnim": false,
				"mustHitSection": false,
				"changeBPM": false,
				"bpm": 110
			},
			{
				"sectionNotes": [],
				"typeOfSection": 0,
				"lengthInSteps": 16,
				"altAnim": false,
				"mustHitSection": true,
				"changeBPM": false,
				"bpm": 110
			},
			{
				"sectionNotes": [],
				"typeOfSection": 0,
				"lengthInSteps": 16,
				"altAnim": false,
				"mustHitSection": false,
				"changeBPM": false,
				"bpm": 110
			},
			{
				"sectionNotes": [],
				"typeOfSection": 0,
				"lengthInSteps": 16,
				"altAnim": false,
				"mustHitSection": true,
				"changeBPM": false,
				"bpm": 110
			},
			{
				"sectionNotes": [],
				"typeOfSection": 0,
				"lengthInSteps": 16,
				"altAnim": false,
				"mustHitSection": false,
				"changeBPM": false,
				"bpm": 110
			},
			{
				"sectionNotes": [],
				"typeOfSection": 0,
				"lengthInSteps": 16,
				"altAnim": false,
				"mustHitSection": true,
				"changeBPM": false,
				"bpm": 110
			},
			{
				"lengthInSteps": 16,
				"altAnim": false,
				"typeOfSection": 0,
				"sectionNotes": [],
				"bpm": 110,
				"changeBPM": false,
				"mustHitSection": true
			}
		],
		"player3": "gf",
		"song": "Playtime",
		"stage": "exampleStage",
		"needsVoices": true,
		"validScore": true,
		"speed": 1.6,
		"bpm": 110
	}
}